month,cpa_count
2022-01,1
2022-03,4
2022-04,4
2022-05,3
2022-06,5
2022-07,11
2022-08,4
2022-09,9
2022-10,5
2022-11,12
2022-12,8
2023-01,15
2023-02,8
2023-03,8
2023-04,14
2023-05,13
2023-06,16
2023-07,12
2023-08,15
2023-09,19
2023-10,16
2023-11,25
2023-12,23
